mapname,sha1,note
#aim_warehouse,fb080ec430cfff5a7dd571edd7374ff5faf511fa,automatic canonization 202410190153
#bridge,8ccf551ced6f6bf710ffbb7578c6e4134db889ef,automatic canonization 202308290659
#cannon,c50ed7fb22bb134e070811dbfe307f0c6763ca65,automatic canonization 202308290758
#de_bosnian_house,6406479063580cf350ef5ac7a9ecb30ee960c6c0,automatic canonization 202312031232
#de_castle,4d01bf88d621e8001ba684e46a421294850f0171,automatic canonization 202407011759
#de_docks,c83e9c6db080b76ab6e1e8d3b6a765d071ef42f5,automatic canonization 202407062150
#de_dustcity -- bleh
#de_fastline,5b9e44b5cc0b2815886a1d10ee6c8a9b8ea15a97,automatic canonization 202401211252
#de_metro -- bleh
#de_station,24cd23da806c251399221233294c32ff9fcf6aea,automatic canonization 202406191904
#de_studio,7c893c2c1bd9fdab8dea7e7b80a5c99955fdda34,automatic canonization 202501130955
#fy_garage,bda5dc14b2deead73d3f4f7ffde82b2bcda0d115,automatic canonization 202410261234
#fy_rooms,e79d4c821b765bb4437665885e3bc3b03f220db0,automatic canonization 202408090552
#house,e40a29b296013e174af1be708797fe2d721a8536,automatic canonization 202407120428
afp_de_western,a61c67dcb12614f23a17aaef2d63a06afe8b851b,gamebanana version
aim_Wintermaze_2016_VX,07b6ec1cd5f2fba6ab16779632dbbb0ead583471,lateston gamebanana?
aim_claustrum,270e9fc12ae693689c923fce1f91852726d80427,automatic canonization 202408161229
aimbotz,0b870b1e28e688321c56568020c984423b9e0aa2,version 4.5 (202303250312)
awp_dontfall_v1_1,235a200827900bfdfd1821161fc19703ce9f8331,automatic canonization 202311060502
awp_killpit,efda0277d7b41814de4788954ac0d885307ebd0e,automatic canonization 202403301423
batavier_packed,6fb36d6446f1efab435bb6a17c0ca4ba19bd71fa,repack + compress or something idk
bhop_001inbox,12a27e449b7a8c52db5a4d328da78eeb9c86cd0c,latest on gamebanana as of 202308180408
bhop_0zirk,ccde8b33a449070a746e7963747ab976ea455a51,automatic canonization 202412120102
bhop_25,56ee63b9f3ab60ceef0dc8c24d1c8e42d78777b5,latest on gamebanana
bhop_4matan,f82a1f34b3331545ae04f9af3756c17fcfe69dbd,latest on gamebanana
bhop_4ryan_s_only,26e90d6301d0cf1ed5ee4c07aefecf5463a91f34,automatic canonization 202405120723
bhop_620s,a932b908363ed2a1a6814913014b6de451d7ce3d,actually packed and working on css
bhop_a03_slidekami,c2caaa4d27f7611de0a05544755875dabe995d2e,latest on gamebanana (as of 202301171534)
bhop_aadhua,8d5b32603470fb44a5d36af7df5f07663064a972,latest on gamebanana
bhop_agentti_oranssi_v17,108db8fb7f9d3de2606d5d8cced3212464aa512b,latest on gamebanana (as of 202303130620)
bhop_airflow_v2_fix,41e2155fb451763292c68a4e2de712a2e41de00c,latest on gamebanana
bhop_alba,c54957c4c876e3c7c08a7525f7479e49b3efeaff,latest on gamebanana
bhop_alien_sewers_css,0d0814799b70f993722bdf91e92573c7ef7f36e5,latest on gamebanana
bhop_amoebic_fix,d3d325f0445987ffcadac36aef34667aa8ce278a,
bhop_apathy,b605ece6b35a26982488dd2e6cfb91bdc0c5f9c2,latest on gamebanana
bhop_appaisaniceman,c46cc4c09165807878eaaf5fb81698b6b56dc8d9,latest on gamebanana so hopefully the right version lol
bhop_arcane_v1,7ee3c9ec7550d6a9e9282b92534174f9d3926b6d,
bhop_ares,f1c56e442803d43ea21a92b2846a28432829c3a2,
bhop_auto_omega,eb1be8a1169a8b5cd33c6d242f6d2f327042a3c1,
bhop_aziz,b02612f9550f01c5ea6352463a36b816789a7d51,
bhop_aztec_tf2,125851f12cd66c92432c1c1cca501ad223869961,dunno
bhop_azuras_star_dungeon,5f396e2a6e4671e03d0a1fdb32e2fd8d486952cc,latest on gamebanana as of 202308240508
bhop_bakerinokoxleb,349e60ff852cf944ecd972f31233f60b0b1f272b,
bhop_balaco,ddff7ff6e00d9c43044afb6029ec2760db770f69,automatic canonization 202403211235
bhop_baper_gup,5e94a28b1c62f87c08b89946d69d69079aabccda,
bhop_bfur3,3d2a14c999835d778b3f6df6296a14d7073a4bdb,
bhop_bfur_mini,3fe13c02bf6aef7c17465114ca8a6ebaff6ba011,latest on gamebanana
bhop_bigshorts2,a2f80a8b1b2d7782827ce93e2b8f75bd64f65b72,
bhop_bistro_2,b1f9f646a2639b18a9cb454ce894c9e03c0a6f53,probably newer than 390adf77b45c207dbec7d9cd45bdda8b8c4d6345
bhop_bliss,60193a53d6ccf46a776cd88602b71ce9ca1c283a,
bhop_blublock,66ae4743deab05fd65d7cf1828a360fe88447132,
bhop_blueglow_playtest03,520e5389b9ff1c9fffd55f5728ed690eba1a8b65,
bhop_bobahop,acd6080b86a3118d30251f7349d09531686033c8,
bhop_bochadick,397ba3eb1089c28d8eca0e310421b02e06e08b76,
bhop_bonner,8708a91e306c13e270c2d4fd32f248549db88388,
bhop_brax,b86e636cab05dfa8b36c29f430e789a2231c1c5b,apparently Flow made a version of bhop_brax with fixed surfs so I think this is that version
bhop_brick_2,48fb086eae23440dcf56321620979a70a9e70f06,latest as of 202308220542
bhop_bunnytown31,3506fb0c77df444727a8d36e82da9efded1cbf15,automatic canonization 202401140113
bhop_bw,391f4c0d562b3f29872edf718bbb33eb658e86b3,
bhop_byrem2,c9464614c274971a66aca6ed4a1a3140de5b65e4,latest on gamebanana
bhop_calm_fix,656522b811ace17461784a2214d126b54c42add0,
bhop_calming,34a6c11a3a8e155d33c41a904b4e4b849146a88e,
bhop_canyon,464bbc2ba688955a936950efa5a9157906be0e80,
bhop_catalyst,12cdb629ca9f5571448ca29c8bd60621c24bc03c,
bhop_catharsis,126d929bf487213552ef476f44b095dbca0fd8b3,
bhop_cellerman_fix,676ade8f019bffef0fdabe84da4ae88cc6eb9672,
bhop_cewl,6e63f9af029567182c19e3e8b49cd9a9883afb34,
bhop_challenge,08dbc1402af2ea29b67f0025fc74ad1d7f42efa9,latest on gamebanana
bhop_challenjour_final,c60ce9f954ae37f776415d5659bc84284d5ddbbd,randomly picked. doesnt matter since bhop_challenjour_v2 exists
bhop_classicaux,8fa26dd4999e797108117dbe78dd0ff61d2694c3,latest on gamebanana (update for a model causing errors)
bhop_cleaned,b1a68a7f652ed0afdeaa112ea851868e17100b79,
bhop_clove,ac8317979181238a3e3ec17cf36715b57b260c87,
bhop_colorblox,7b6ea069604fc8106c2b101051a71a07152b3268,automatic canonization 202406071939
bhop_crappychristmas2,dcbfe090c9977da965eea79102b6f3f7a37ec256,fixed missing triggers
bhop_crappychristmas2_fix,d94432d026e71a3c385624190d9f1c8fdba363e3,latest on gamebanana as of 202301222017
bhop_crappychristmas3,523be60b39bf496940103d14fe0a4e3194988912,automatic canonization 202312252236
bhop_crutle3_css,45556bfeb50aa09023393202a9d2996bb3bdaee9,
bhop_crutle_css,d5f2dee34f6db22520e116b19f5a754a7f27ed63,
bhop_cubefield_remastered,9dfbd5a2a348abebfcfa7ed862791a8a52794151,
bhop_culture2,6b012a8b6b05a167c6e82c16d72e635c493b431c,
bhop_cutekittenz,7ad581a7650bce9af7f9ceba1e80eb2804c3acd4,
bhop_cyber,f9f9bebf7280074570e9125d66324458c2ed381f,latest on gamebanana
bhop_dark_waters,6cdd86b44039a179b860e3261aee9198313cf45f,latest
bhop_decay,4334431c7cdbe10c923083001fd6b56803e0046e,automatic canonization 202404151311
bhop_degree,e719b20a3cf21c4f0aa1d3ed4ad49fbea7911013,latest on gamebanana
bhop_despondent,3ab7981d4cdf8d19f4d935251207d09b167948a5,latest on gamebanana
bhop_devvy,3c716186ae4ce101b81fe5c36e4f905932529df6,latest on gamebanana (v05)
bhop_dice,dde2a5d48fc2c82c239be6361f99351b3ad7262a,automatic canonization 202411061501
bhop_dimensions,e79d337358dd88a68e484d4ccc1dd1bc946e7111,
bhop_diremaul,0a163f1a5607c87aa4264cd352ec031d11d4bba0,latest on gamebanana (v2 with booster fix)
bhop_doms,65c4bfaec7138cdebe9810043a00c9c80ee40275,automatic canonization 202411041411
bhop_domzk,3d41e94fcd07cdede1da4026074ee31075424569,latest on gamebanana (the e79f80... version might be packed for gmod or something)
bhop_dual_fast,c7189a701623b0e18cf87270c5842c0ae51438ba,original version (the version with the func_buttons you need to stripper out)
bhop_dusk,d9583ddb0c5dce36d9ae5f7c69f5a9c01550f2fe,fixed textures version (the version on gamebanana (v1.1) has fucked textures)
bhop_dust_v2,53c3df856a7a96d220b968d0a1c0255da18fd5d9,original/gamebanana version. the chicago trikz bb version removes the func_illusionary entities
bhop_easyhop_benghaziedition,5f9ab07f986ccb5fedf96dfc2de8d11f00429027,fixes a missing texture apparently
bhop_eazy_sr,f33a9cc844f6d60a1ac71c3845ba1089816ae6f3,newer mapversion in entity lumps (7 vs 4)
bhop_eject,12e7123b86b210e47bc57d787806720e85276179,latest on gamebanana
bhop_elamaa,79d24d946a33d188178062ea4133272808c31893,automatic canonization 202409021404
bhop_electric,448256ae3d1bec3f6fbf8441fb58804f15257f75,latest on gamebanana (and newest mapversion (27 vs 28 vs 30))
bhop_ennui,b95cf7e82c9a23b951a2cb42351fcc5bbb73854b,automatic canonization 202309010521
bhop_epiphany2,30272187b8cc9af949a7279c666b7bde39009238,latest on gamebanana (first level skip fix)
bhop_esip,b53c74e728c9759e98ade64bf2825982dd7f9b1d,automatic canonization 202403010659
bhop_ethmo_serenity,f5222f57d1d1c47161f906a6029e889a1cbb0f89,latest on gamebanana (as of 2025-01-20 00:04)
bhop_evolintent_b,b8f3c23b899a616ef417706387efad6bbf9fdf70,latest on gamebanana
bhop_evolve,913c168296693091a19b08ced93b905249790a39,there are two bhop_evolves... one of them was originally named bhop_festering_leaky_anus_hole_fart_v3... so it gets to keep that name... and the good evolve gets to be evolve...
bhop_exile,40996f0517a1e5abfd53ccf3f589070fab52ae22,gamebanana
bhop_exodus,56b0e7b03fb21efe3e4ba26472d03566d9e5b320,version from gamebanana (the other version (16cd4e...) removes lots of sprites)
bhop_exquisite,ea6d4f107575f64227d8cf3a1046d5e8109ab60a,latest on gamebanana
bhop_ezik_pro_hile,90045c40f9cd084f883734e1c20fbb9676b954b4,automatic canonization 202501221012
bhop_ffvii_mako_reactor,1432fd47741b81c21610d42e32e8118968a6c690,latest on gamebanana (mapversion 128 vs 156)
bhop_fibzy_v2,f26c803c3b0249f836d90dcc6899d9b2b24b43d1,automatic canonization 202403250940
bhop_flipypuppies,bc568c5c94391d4062cac56c7cfb6818e5eb3ef0,newer mapversion (20 vs 21)
bhop_floccidrift,c874fcdbd6b9c9c7ee6129dae772bf72985bf7b7,latest on gamebanana
bhop_floodwaters,b0f4b3a67631e841e66a8ca7b1e241af8dc3cda7,automatic canonization 202403011450
bhop_fool_2_css,6a21645e63a10892e130bc571f2828992308bbdc,latest on gamebanana
bhop_forestbiome01,4b0988b274ab239048f7c5c066503247bb890560,latest on gamebanana
bhop_fosi_unfinished,8667d3833c2639716447d3998d0195a528c2e831,latest on gamebanana
bhop_freedompuppies,f6ef0afb656638557a0d4932028f16dcef0f5888,latest on gamebanana (the version with the door teleporter)
bhop_friskv2_css,d8fbd4b07a32d3e3d8f82bcb97e2c8aef61d7418,gamebanana
bhop_furax,6c235b43f4ea9e4e365139e1fc1d091bd852e705,the lolgomin port because servers already have it and the differences between ports is just textures at the end and teleporter size
bhop_fury_2,50fd308e9fa2b1aa6ed4793219901653f76ca643,latest on gamebanana (the version from ultima might be an older version)
bhop_genoisgay,bc5faaf142d0b8fb7316d1a0880d582686cee6bd,latest on gamebanana
bhop_getgo,89ac030fe593730f9efa0dbbebaf9920f3e21797,port of the tf2 version
bhop_gloomy,f3284b0f8ac48e13a4bb5b329aed17c25f1b82f4,original bhop_gloomy. an early version of bhop_gloomylight also used this name (81d6f50e9223cea39cba884aa172d4a048a1da15)
bhop_glxy,3180893265563a71ba6c931379c05cbf31349385,latest on gamebanana
bhop_gopro,8b7e6a390d701d5f1814dafcba8e0ebfa05f768c,latest on gamebanana
bhop_graymanufactured_beta,cf7a854794da15fad93e401a99b76335eef8e97d,latest on gamebanana
bhop_green_shade,17146c431ccfcdd09525d463d2268c638cc00fbf,latest on gamebanana
bhop_grid_easy,c8e090029ce62095c7ba1bbba1c1c5f5b5232da4,latest on gamebanana
bhop_haddock,852c6743d2cfda5325734fd248fdc101349a69bb,latest on gamebanana
bhop_harmony_roblox,454d2ebf85e9a6bd83b42ef4537a0aea3213b10c,automatic canonization 202411011310
bhop_heck,3429de05ebe12e2ac1c05201a697a21d29ab0716,latest on gamebanana
bhop_height,873fd1953dc1652a9a3fc42b5523dbd8e662fa68,latest on gamebanana... idk
bhop_hell,080de55cd6c01b75c8e0d02fb7f67eae82c1dc9d,latest on gamebanana
bhop_hellyeah,d3628aeb16a47680826dac70a634de7c2bcf290f,automatic canonization 202412291440
bhop_hexag0n,a2e9ae4cc802ec5bc8a3eaedc66a0ada6f0afab1,latest on gamebanana
bhop_hextra-f,189f7292962d84a2c9591e6b6d8b9b63b912094f,latest on gamebanana
bhop_hollowearththeory,db126ea1df63663192041fe1dff8048fdd6602d2,automatic canonization 202405131253
bhop_hyable,012f5fd11d3c80dc6e46c89217b65eccec102603,latest on gamebanana
bhop_illusions,51c7162e8607479083fa46d4d1b5d35eb720fa98,latest on gamebanana
bhop_jib_jib,c5177f67a050bb2a95b6c5e45bcb7a516813ec89,latest on gamebanana
bhop_jurfs_v2,bfc28ac5689bafcf59b7d1b6e69abbedafbfb9d6,latest on gamebanana
bhop_keksik,7f8dcbc69c8475b4893c356b0d3ebc4d1786919d,there are two bsps in the zip from gamebanana. one with mapversion 107 in the entity lumps and one with mapversion 108 (this one)
bhop_kitsune,8ab6f61a0a4627341349d8ab362adb01eca7ecfc,latest on gamebanana
bhop_kombucha,8b5a6233615303efad719979a400652bfde0b061,automatic canonization 202308250113 fixy fuck
bhop_kotodama,d631bb31c44bddd79c5174336efa63b2405a9307,latest on gamebanana
bhop_kul1,aa82fb94f280eb7425b8c15da35db55062e09c19,textures actually packed
bhop_lego_journey,1db12be0a8ca89ddc50cf3380442f611fd26c708,latest on gamebanana (unsure if ultima version is an older version)
bhop_lf_comeback,bd93a2d647a46a62da1d78f21998a0325fb9e7d4,latest on gamebanana (unsure if saurkk version is an older version)
bhop_licityyoi,4ac09bc24eb196dc8d862605b357f5bf97c1ce4d,latest on gamebanana
bhop_lifeless_x,a51f8fb81964498d1174aa73f61d2580fee0a6d9,latest on gamebanana (the version that fixes getting stuck in the middle of blocks)
bhop_lolauto,fecd3c6e9450096db239db3bb002ba06c8398420,latest on gamebanana
bhop_lush,9c509e0f69a7341ce27c9e8740b97bbb65d06f07,latest on gamebanana
bhop_mall_css,3a206318d1ccb846759f84756355ff2615205c46,latest on gamebanana (assets compressed)
bhop_mapzor,5fb916b11f3cd9ebcd7ba1d0027f4488ed1ccb84,automatic canonization 202410062108
bhop_metric,6583474096a36f500fc75052a1ec3cb8cd0636ba,latest on gamebanana
bhop_miansai,60f82d20655313d28dded48c84856044a4f37cf0,fixed version of the port to css
bhop_minepression,71954ae43d94f5d799e0d254528589db102bc4d3,automatic canonization 202501131852
bhop_miracle,0a8ad0ed6e23e404811cd347173146380b025ebc,latest on gamebanana
bhop_monority,d6f8e9757ac2d75009c4b3c479476baec8c925a4,latest on gamebanana
bhop_montague,beeeed6d9d50d8e1d8b9240a029efd8c506423e6,latest on gamebanana (nice hash btw. beeeed)
bhop_nana,2f8a0e26951f1ba5cff28d042ccd2b5af7b19f0c,latest on gamebanana
bhop_nature,b8fd002cd261e2387ef2a9f0363407560befbbe6,latest on gamebanana
bhop_nekoclimb_1,09468109865580018f70872f930083bd96e4af46,latest afaik
bhop_neon_v2,0f0159e59d68f6aff0c544d605848df10ca0ae00,latest on gamebanana (idk why the other version exists)
bhop_never2,221d8ef621136acea8fc312a6cdd5c46ec11eabe,mapversion 94 vs the other bhop_never2 which is mapversion 93 (also kz_bhop_never2 exists and is mapversion 104 so play that)
bhop_noninscripsit,27e780ac3e7c585145eb50f0023008de5f4580b6,port of the tf2 version
bhop_not_dejavu,fe3364704cbf3de12f7699b98b913225215ddffd,latest on gamebanana (125629 vs 125628)
bhop_null_fix,40d203b08a6f28ae272e10ec24790caacf9cfb68,tony fix 2020
bhop_nvm,b81b7054de294830d45e453097b4e26faae30c01,the version without porn
bhop_ogel,7fab65b40bc047c1ebc72203884870e2dc00b587,latest on gamebanana
bhop_olipoid,c0b82da0f49400a2470eca03333e113003176305,latest on gamebanana
bhop_ovo,3e16a8b8122aa1ae00a6facd6497c0717b950741,automatic canonization 202311181315
bhop_p07,76506ee25a724b6e186cd8a3cc42536fefab6d18,this is p07 not p07_v2
bhop_p09,28d2a37073aba96f90fac20d904389a8511179a4,latest on gamebanana (v2)
bhop_padd,f30806bce63f79766218089d55420dbac3f51a75,higher mapversion (151 vs 152)
bhop_patq_texture,b38b649f9538086128d46275cf5c54d18dd336e8,latest on gamebanana
bhop_peachtime,08fe73b87dee242d8bdda4504cb91dea994db395,automatic canonization 202405031747
bhop_perspective,a3abac550998c3ec9ee459809b0879131859655d,latest on gamebanana
bhop_pharma,1cb6a283087f288c226b08f78f437a461e453c3e,latest on gamebanana
bhop_phobos,15998356806dc92ab5ef21dacc1414ab83358ea0,reverted back to original because the fix version was renamed to bhop_phobos_fix
bhop_phobos_fix,deb72594285a2bf9cd9b1fb157b1eb23fdafc279,latest on gamebanana (202301102105) (bug fix for gasmask stage)
bhop_pohn_not_idiot,89b9c416619f2252047048862ce87749efca2985,automatic canonization 202411240151
bhop_precision_beta1,66738c0b9935b73c07bb3d98ac7f1e2e050ead09,the strafesonfleek version is a fullbright retexture for some reason
bhop_pride,cef28fbac90ce76d64cf01ba26c46a0a07e8bc60,latest on gamebanana
bhop_pringid,c225d71b54b5fff625f999a68f7a390fae20a8f1,latest on gamebanana as of 202308140645
bhop_pumpkin_stem,15cd1d8174d83e4aa79c1d96bb89a0ad5c0bc1a5,latest on gamebanana (the other version removes the end doors & the scout)
bhop_pure,5ac2cd4dd313a0bdca66f90860878abc20d2e238,latest on gamebanana
bhop_pyxkeria,b89383c1f4ae7b675d8ebffa67c72729621cc6f3,this mapname has two ports from csgo but this one follows the wall textures better as far as I can tell so I picked this one plus its smaller
bhop_quaker,9926c15e6b7c1483ac235b8faf384bf027dd1562,latest on gamebanana
bhop_rand0m_gm,01f64a77b925201bb8bb7dd6664fbc09e6b3c693,version without empty classname entities or something. maybe a port from the gmod version. it works is the point
bhop_rgbglow_sr,0068a2a943c4996d110308820261fdecd53b6b7a,latest on gamebanana
bhop_rikudo,b20b2df537ed249430a255f961cb78550db88412,latest on gamebanana
bhop_rings_final,66470c36dfb60257d2ceae5214a97848ad8393eb,latest on gamebanana (still sucks)
bhop_rysik_v2,0fd8311bd0da97c7126035c5688a1a4e8a325f6b,automatic canonization 202407140533
bhop_sekiera,03130cb8446000851471d8bed8a9c71a1a5b27a2,automatic canonization 202401270029
bhop_series_one,19e41f5930584440007dd11bafc1dabf55839f52,latest on gamebanana
bhop_sharpies_final,c1d493eb82e701f88b4e97e02994da5174e0b25f,newest mapversion (73 vs 74)
bhop_shutdown,52acb72058ad0ede4753f7ad9804fa9eea19253b,latest on gamebanana
bhop_shutdown2,8be17b2ea61c514563c82708705c55b01f8552dd,latest on gamebanana
bhop_skyppy_alpha_v1,d5598bba49092769126ae92e434fda730f7b569d,probably original off gamebanana since it has the dumb func_rotating entities
bhop_skyway,62100556c66d3d30dc4f969a56fab3ccae7131f7,newer mapversion (70) than the one from chicago trikz bb (67)
bhop_sloop,ae2c2d8cea739a829dd1a81838377459064aade5,latest on gamebanana (packed textures)
bhop_spdmp_2hr,8f1e019cd6f41727dba07cf97ef6eeaa958d9072,latest on gamebanana
bhop_spinachsucksatmapping2,83ea388873e898211c098fc79b12f083a0fb1c35,latest on gamebanana
bhop_splrez,b6c582deae3add5894f966a120a3af2e89e8a863,the gamebanana version has an entity with an empty classname which makes it kill the server so this version is one that fixes that. alternatively you could use a stripper config on hammerid 79725
bhop_straa_babylon,6461e9591f34992bafd6dc8803d4ac03cf4e8e98,automatic canonization 202308260830
bhop_strafe_nuclear,d83ed74d3deea8f2888928974dfebc27291824fd,automatic canonization 202308270802
bhop_strafeflow,4b9c72cafadc20cebd05677b66642d6065eba439,latest on gamebanana
bhop_sumptuous,c0d4cc19f442e5aa53e142842f1b7cc139527a79,latest on gamebanana
bhop_sunrise,c62b47381701bbe2f886a59344d0ef53fcc9c6c5,latest on gamebanana
bhop_surge,4bb85ed663f3839d06cdcde74152075fa45a1577,latest on gamebanana
bhop_synthetic_fix,9ad3b316be5c586e05c9476d4740a6ab18e8cd4f,latest on gamebanana
bhop_tbd,d6fb7fc56076d4b9419e00741f69049fc3575185,latest on gamebanana
bhop_tectum,96d9d583fb336a38f5b688b0f883015ad3e28d1d,fixes missing tree model
bhop_tedious,861b2471296a80cc83debf560bc9f85ddd6f25ae,latest on gamebanana (the other version has broken textures)
bhop_terral,7ce7cac34a6811ef9855f146157ad4ddd3d668c3,automatic canonization 202411200829
bhop_thc_gold,1bb715b9c7fceaf8ce5f50aa9d80f4270b9b9022,from gamebanana. the chicago trikz bb one does stuff to the game_player_equip
bhop_the_journey_lyned6,3cab4c49737d682dfb0a564efcf2da87c315e0cb,latest on gamebanana
bhop_thebigleap,1e08471ae98365f2f0077cc7eea4efaba594315b,latest on gamebanana (v4)
bhop_theendofabeautifulera,634e049af7745723806d16c6bfa704dec1ad3af4,latest on gamebanana
bhop_thepack,ed675a8ef13489def52590f38d07695d24c9963c,updated I guess
bhop_till_you_drop,4ca98ebce7677eb64b639889dfdf1a06b44e28c7,latest on gamebanana
bhop_time_pro,a3eeea1321933d87285919b9b1a5aaf65bbf6114,latest on gamebanana
bhop_transitions,4a955b688792b0198a975e915bf814103b83e35a,latest on gamebanana (v3)
bhop_tricks,d382e00ccae73b2dcc9a8347ec18a7809979bfd2,the other of bhop_tricks version is an early beta
bhop_twisty,17d192cb3cd4f4770e2e37c4f4444a9ae68db9b4,latest on gamebanana
bhop_understanding,9c34ac298e2cd669861e10b270db42d3d4c806d1,latest on gamebanana
bhop_vagabond,851240979c45682e3465f1e8895aeeb1dd807422,latest on gamebanana
bhop_vandora,8ec38913b489290083e26368374d5e380ee0478d,latest on gamebanana
bhop_whatislove,bb9e3fcb7c3e443541c26ecdbf21e3169e525dc8,latest on gamebanana
bhop_whipz,6ee96b80edcc7ef67450122c7bb22f537f6733dd,original from gamebanana (the strafesonfleek version removes some scouts that have doors attached or something)
bhop_winter_fix,f85db923445b509d5bc477fa6e85af6a7dd5c2f8,actually bhop_winter_fix. the other bhop_winter_fix (from strafesonfleek) is actually bhop_winter with a fucked skybox but not fullbright
bhop_woodenspace,f7d85b20a2df095299762c3aa3b257ed4c4c079b,latest on gamebanana
bhop_zelda_final,a2cf3033a41fb49c6636e689745724aa60b5d7e7,latest on gamebanana
bhop_zeubi,95624d9435aba9abe7da26b4283286f99bf3a805,automatic canonization 202403241858
bhop_zhopavqaqe,e17973ca771c84f5a387f39e6387476d98bf99e5,latest on gamebanana
bhop_zig_remake,974a3e883170bd6f833e90594a2920a682953653,latest on gamebanana
bkz_cubebhop,dd002065d626c81385fbd3c25a0819928d9700c3,latest
boat,addc31bb2c6c126b424c97f31bfc32d98ac327b4,automatic canonization 202308290746
chen_css_lost_cities_renewal,51ca9c2a9183d9dfaa8f1629da5934541073caee,automatic canonization 202501241017
countryhouse,0ad0ee242c978227af8fdbaca8fb98f4964684fc,automatic canonization 202311102004
cs_1337_assault_css,6988621da2d3d08083f2dfd37a56c9dcf100a591,automatic canonization 202310291920
cs_assault,3cba4108d7efca913497224a834e085da17de1ac,latest included version
cs_assault_mini,d00b508322d84d11607964445406ae6f8bd612e6,packed textures
cs_assault_night,cb4a1558005a6042e93aefc25479065037b0f134,earlier gamebanana item for cs_assault_night
cs_bank_16,cb66ba327821ab93cb3530f68f31875320aa1d88,automatic canonization 202312201847
cs_clover,55c989bea0c5c335dcfb60e04fd14cc82ff3802a,automatic canonization 202401251049
cs_complex,98a1471315c7ee93b10bf18f036a6dd1cdf5a263,goldeneye version
cs_compound,a48a221cbda13e7382a52a7726dde133dfc8085f,latest included version
cs_crackhouse,f1a7b69b9348232773ab9439f7282aa5bba3b004,the real one i think
cs_crackhouse_2023,7703549d8ccef6f51940716ba15e71217b0ea332,latest on gamebanana as of 202302201925
cs_havana,701eaac5420cb5a098ffd0ac8d4bcb07ca8bd8ba,latest included version
cs_italy,965a6d0bf8823f65495b7f708932874229723bc2,latest included version
cs_lights_out,194dbcb67c0a55998df3cb668b08f50d3847e2b8,automatic canonization 202411031753
cs_militia,29873e32e5d4e8433e891f8b1fdd42a546addc44,latest included version
cs_ministry,c78d8e635ef50aa4e52f7def4854840aac9b1214,gamebanana 202306221657
cs_office,5f8dd23bb0626fae600772c56c708100c09f2af3,latest included version
cs_payback,73338f463c8bf399f6e298aade8a61773ccd2d63,automatic canonization 202412200813
cs_phenom_manor,2c83736780bb47149c3f8fdfe3185ab45b48fd44,automatic canonization 202410021439
cs_siege,d963d5a717d756b4bf8079d8a157b6b6cf0d65ef,original cs_siege remake fuck fuck idk what to do for now
cs_site,5a5add94af6f96ab4a540119869e0a4f0728d8d9,latest on gamebanana (v1.1 2023-01-26 23:53)
cs_stationarena_beta,d8796c58f26ee3402eaf0f17e5b1cf5aa4b3e9aa,non .bak version on gamebanana
cs_terrorshouse,d1180f1b82504f602b3b2eebea32c67e17d8eb50,automatic canonization 202404082020
cs_training,a0c9b59629f4aca5f89470b4ebccd1348e7f52e6,latest on gamebanana as of 202305140000
cs_underside,ea5c9d693174253da4a51762fed8c96c9e5e3bcc,automatic canonization 202401210032
csde_trump,4eae8790f12d350ca236145c6ae538146a5ff796,automatic canonization 202408030734
de_912,32d1ac0c945698ba57f52b6fcaae77ac390dd86d,automatic canonization 202308270802
de_abyss,841edc8e554a70dc1477757ad759b8fab75a8317,latest on gamebanana as of 202307080118
de_ancient_css,6cf4bc006277ecfbedc304e1665ba48a3cbe0ca3,automatic canonization 202501191934
de_anubis_css,09c28addd31a4e8ad806c8f55a17c29184160782,automatic canonization 202404300425
de_apollo,c614e4a0a09ec32d2a6831f6c78a83167952aa9e,use original de_apollo instead of csgo port of cs_apollo
de_arabic_lost,57b48cb0b88adf856e54ab565871895785f86fa8,latest on gamebanana as of 202310082021
de_ashen,cdeb7aad3c3360e38ae4a1d29f473d8ff36e0a6f,automatic canonization 202501011655
de_aurelia,5779d68eb6412c97ea0b106f8a8cd756346e7ffd,gamebanana version
de_aztec,27cbddf495dacb879d92ab7e99ee07e8bd0bfcd4,latest included version
de_balance,a1c27817d0b260582059d671cb9863aee7668dec,automatic canonization 202402141442
de_basand,f8710c165652293f0f1502bdeb001adc7cd14030,automatic canonization 202401241748
de_bosnian_house,6406479063580cf350ef5ac7a9ecb30ee960c6c0,bleh 202312031232
de_cbble,28431023f76454c0d350c5c15f3fd71d54f95715,latest included version
de_cbble_2023_viktor,5f3be07c8c5516fae8980af0efb73a9a4e1633ac,automatic canonization 202409282009
de_chateau,0b57fb003caff312866090b7a7b0bdf2e40145ef,latest included version
de_cinema,7fe9f3c93434a0a4b038e82af06748ca2abf32e7,gamebanana version
de_city_d_d,943323f0fe0b938b5a4512da01c9679a55bed5ce,automatic canonization 202403201217
de_contra,5eac721746632d41f5e096aa9037ff02c553198d,latest on gamebanana
de_coolmap01,9570b2b631c3c5ad6e9ce637ce5b30d1031bfe0f,automatic canonization 202309161925
de_corridors,c3abffc6bbea37d49459f7e178a1733d7e53f9ab,the larger version
de_cpl_mill,8e4d9409bd6fcfae3021b35e2e0ebf260cfaf06f,latest on gamebanana
de_cpl_mills,692fc8c915f850dffced326a23d0dfabe4000acb,latest on gamebanana
de_dam_facility_fixed,7ea9233d0b7df646eb1c6a60502927d11d9b4c1b,gamebanana
de_diagonal,81f210acfef33cce0f070acba6d643f7f9c8aa76,automatic canonization 202501100218
de_downbad,19c58fa4f25204bfb824ab2ff3df3c55f7fcb77d,automatic canonization 202412041645
de_drain,b5857df58b43cf66019e2f67be7681a295713f43,automatic canonization 202406281640
de_dunebali,c6874fa2edcc52ba8a0a53fe965e047930a8e05f,automatic canonization 202409051439
de_dust,3695832fcda6f3e07e1ef738efac1125a7915235,latest included version
de_dust2,7693e3f86618c4802b46be6482f16e5828b49165,latest included version
de_dustwar,3c7db5fad855399eb664d35ff55d0e46e6e5594e,automatic canonization 202402131334
de_dusty,487d994a87a84da1cae7cfd72988ccc8f9eaff47,automatic canonization 202308270802
de_dustyards_csco,fc544a550d3bfad4cfa9c2bda5c623767b075e48,automatic canonization 202406221606
de_eyan,c1f92f8eb9e30c03f11f61e46b6e4822b5f4b27f,automatic canonization 202407100547
de_fastline,5b9e44b5cc0b2815886a1d10ee6c8a9b8ea15a97,newer port of de_fastline (latest version)
de_fire_v3,dcde818a96fcf749f3b5d4603eb83b60be664f8b,latest on gamebanana as of 202304080604
de_florence,22b9136a071e5ffb551c6743442929069ab4f1c1,automatic canonization 202406150044
de_foption,887570d3fd68d2bb22297b0fcc1f1863b62cb523,automatic canonization 202407301337
de_hawkins,18f2a0da043e916c0b9c35222a8444a179b03bda,automatic canonization 202409130959
de_inferno,128cb9ef3c09b0192f3a46443f45d7f1d3172f61,latest included version
de_inferno_csco_winter,97063967cac745cba16b0d4d2a3ad85e04694976,automatic canonization 202501030926
de_inferno_plus,9163a3c77380d4c224c18d424862dca466aaff5f,automatic canonization 202401171814
de_intersection,9dadc724d5ae3f626f4b6b3f9ced0a20da7c523d,automatic canonization 202404131136
de_jeffreybricks,0765d6f3e5cb613b7d4ddfac8c4e05e64e9a8698,automatic canonization 202412041645
de_kipyatok,c466521e24b5e6caa1078d33d840374519086893,automatic canonization 202408071131
de_meanstreet_zultimate,70fdcd24d426cac854bed2198192668f0fb25941,automatic canonization 202409110729
de_metro,68ca0f32b9cdde065956a34911460bcf7ccc0df6,newest de_metro on gamebanana but no idea what the de_metro from moxx is about
de_mirage_tsu_d,d896ceda626aa95805cafb0d16d09799846f2730,automatic canonization 202405091745
de_neonpolis,3efb54c2b8b6fec782bc4505d0149616a421c1ab,latest on gamebanana (as of 202303170250)
de_no_mercy_hospital,856a90bec622cbfb8a43525d1ebacaac36a02e82,completely fixed apparently (202303252326)
de_nuke,0d440898066e4300c8bfd6a5910e66ea3caee283,latest included version
de_nuke_csgo,0d239cf706e9a3d66d16463be5f8cd76c55ad7a2,gamebanana
de_nuke_khanh,1bf667ec118325c697d06157ec591bef865d4636,latest version as of aaaa
de_nuke_plus,3fff74ca401e5673921f8a96ebfa460e55c46e2d,automatic canonization 202408301945
de_orilla_house,1723776e41301c7f19598c7da7efc4654bbc196f,gamebanana version
de_piranesi,7a2882377c25f12aa0ef3d0cb40da255545c7687,latest included version
de_port,c1441d4b0a2b735fa2129a5bf4b310ca58d2d607,latest included version
de_prodigy,f1b25890403fba0cf2df5d901a2cb151984d4136,latest included version
de_province,0470ea4cb60386c44aca8ec4cc2bc3252028abaa,automatic canonization 202404071129
de_raid,8d08a89fe88ae0f6c16a5455accf9492e91aa181,automatic canonization 202406180114
de_rats,36babf11a35e58f6a6dafe501dbf3fc1f21f9198,the de_rats that has been around forever
de_ruins,df4ef46bc62a2e152ca323bb2c1f8aed5b27c3d5,gamebanana version (though there's a few de_ruins that aren't this...)
de_sarab,db32bc69db0b2a552c8bda3ba0d3879f414977d4,automatic canonization 202501202057
de_sarab_night,ab489fa2511a491b27174733cd6f6ad651f0d85f,automatic canonization 202410191200
de_septic,69084bb9716b6a4082f7e64c2d5a3991f17f94e0,automatic canonization 202404280854
de_shorttrain_css,2c85c4dd8222261420c6bc00eb23fca84a7c1fdb,automatic canonization 202501072106
de_shturm,934d1b375da4352b8d1311956ecc652a358500db,automatic canonization 202406030923
de_stage,dbdc6c7194e126342a2373b15eefd60cc9e8362d,automatic canonization 202409131431
de_street1,d06e879efb5175012d516a49f557ed27a3c2014a,automatic canonization 202401111756
de_studio,8130a1a52b55d9d126f7474a03208014ddfa47f4,original version? bleh
de_survivor_css,7ff449cff9bc0aa0eabda68162ab780b00be8d12,gamebanana + fixed lighting?
de_theatre,f7b42dd1ffb11007f3cbb5cdf0506b9d116e78a3,latest on gamebanana (a_9 -- 202301241804)
de_theatre_r,55be1abb4b21a9decff5c68b8e6034e4eb5b14b0,latest on gamebanana (b_10 -- 202303262124)
de_tides,de38bc38b54c46aaf5f47626785021d00caac60d,latest included version
de_toucan,d300514bef1186dbdf13242e18fe166e9023b363,automatic canonization 202403131838
de_train,151ddcd0e09e6c5172f1e1102329f4be38c615cc,latest included version
de_underground,2a0aebdc304dece118446bd8bcef092f8cd288aa,
de_venice,43f2a39337dd9278bf8287d594a6d0c3fdcb50d4,earlier gamebanana item for de_venice
de_vertigo_csgo,406ab5372551f996f0ea6b39ddd68b06a284ee38,probably the latest on gamebanana
deathrun_ramesses_revenge_v3,a94a6e761680902b929f252fc79d896ae4b5008f,a version from 2010 so probably the original
destination,571a762fb5f01252ed93cd7a2f08e94209f85505,automatic canonization 202405310056
dev_awp_alpha,1d4544484da143a30d519533b9f398d3f9080b2c,latest on gamebanana (v2 202301281633)
dm_mirco world,e7eb4aaf5dee3684980694f8350e9acea6107d9b,automatic canonization 202412111336
dm_questions,16920167041a9512fa2a8611c61b9afa39627f6d,automatic canonization 202406051946
fy_concert,22381cea39c216d2b8372789ea375917d1a5497e,automatic canonization 202406211901
fy_orville,f73ebf6d74c9347b767169c4a1d0070d65bf7a05,automatic canonization 202403270941
fy_poolparty_v8,e19cb8e8a428fb4fad33efaaddae5c57f7bb2d27,
fy_rooms_buyzone,8deff3fde0c015e667affdb5dadc03760e609dd4,automatic canonization 202408090552
fy_rooms_buyzone_tidy,304a84462b3b22c8dc32c4fb87b0cd3e2a339b99,automatic canonization 202408090552
fy_theborder,f9ae4f3650d265f09cafb351bcb3c010817c1889,v15
gg_aztec,9cd35915e33bab17c70746ade3703880f74e4092,earlier gamebanana item for gg_aztec
gg_dust2,e698f50e0ed4c965ccf5b0ec8515370933d63d1a,earlier gamebanana item for gg_dust2
gg_majorsnow,44902241ccc7d39efaf7820ee1a48a207ee23f12,automatic canonization 202412102224
gg_reflect,bd1cbff739c88e0b1b906c4e76a24a6d4f9318ff,gamebanana version
gg_skyward,eeb3d5c9f64facee13c0dc0a0531cce4102cd0e4,automatic canonization 202308290659
gg_station,54dae46ed1e6d988ab96b71619a2c9fc11a41f1e,automatic canonization 202312120657
jb_resi_f7,de526c92e74cae6beaa7641d90bb4c0c2dc63f36,automatic canonization 202410112121
jb_troubles_d,16073e183e014f844fc693e4a8d105e28e8a04a2,automatic canonization 202311230106
jb_troubles_d2,69266437cfdfd0820acf20ec0ebf29633567d56a,automatic canonization 202311231822
jb_troubles_d6,e2eef70d02659fd6c065c74fdefeb5d42de6b0d9,automatic canonization 202311270344
jb_troubles_d7,e2c82cd84fe57c3438700190e4157b0b0c1df0cd,automatic canonization 202311272144
jb_troubles_final3,5c481398063d19df289e79d6842087d88434ce12,automatic canonization 202401020438
jb_troubles_final4,a6b29cb15d9939ede6cbde1c00f58790a2844df5,automatic canonization 202401022236
jb_troubles_final6,3aa3ff95d7b4eff41912098800f9dfbd1a2e6e60,automatic canonization 202401080310
jblock_dodgeball24_final,74ce291b963407bbfc39dd5557c66ef474fd2ae7,newer version as of 202501262328
ka_soccer_emirates_stadium,cf48243c03cdb9798263330c974edbaa976e9abd,automatic canonization 202405120628
ka_soccer_island,bb975f562c752f3f81d9d14a045bf8418ce1f9b5,automatic canonization 202405120628
ka_soccer_rooftop,5e1d8978b4af8b70cf2b24ce64830024637e2c67,automatic canonization 202404041234
ka_soccer_xsl_stadium_xmas,884a6e7b9fa2cbc4e8e8452b4d65182d0431a26b,automatic canonization 202501202057
kz_bhop_awake,95da268f166292d8fcabf1eef062026f2b57eedc,not sure which version this is but it doesnt matter because kz_bhop_awake_fix exists and kz_bhop_awake doesnt matter
kz_bhop_cube,8d92f0f6fe541e53115f51c837b8d5a653897994,latest on gamebanana
kz_bhop_genkai,0b3eb54ef0017e310fa6391520a0c470ea84dbd9,automatic canonization 202403230524
kz_bhop_rainbow,7e10dc1c39a914bfe522ac205d0b5de2ca006cd9,latest on gamebanana
kz_bhop_skyworld,047c99d2b121fa7ef5d3314f5d6cdf1ad3434627,latest on gamebanana
kz_bhop_solitude,9cde8773f999b709a62549ab957fa4b11ddb8031,automatic canonization 202401190243
kz_bhop_tradewinds,597b01719f8124b3ae3ce171fc506c7ecb2ecd4b,latest on gamebanana
kz_bhop_tradewinds2,8d2cca8322f15de664b25fbf1cf6460e027f3187,latest on gamebanana
kz_chk_cruel,0db04de1766aa3ddcc5f5b9b37bafaa3678a1a39,latest
kz_chk_cruel_h,61698ce35a5eb84846bb56295d7a0f45f4c085b9,latest
kz_cloudwalker,27b072d9ff4408c48c646e9473afe19331e390ac,i packed the kzmod things
kz_lain,b3fef124a4718689804f6a8420ca1736a59d27ae,final version potentially
kz_mnk_dark,055d57d90738f6bcbb0009a7807f1ef30c69f206,latest
kz_smkestate,8b87ad4841fb8cac8899013db258793e790c4cdd,latest on gamebanana
kz_sunlight,f4999ae70292b5fd5659ddef125f015d4777ac11,latest
kz_xtremeblock,955ee17b39c2e3030191226dd1b3348f09f0eeab,packed version
menger_sponge_full,92132f06ded26cd5e5316872700344e75b251d07,automatic canonization 202404290506
mg_3k_smash_lego_copter,75344cea55d857ec72749cf5bb736f5163c4a24a,latest on gamebanana (the hellclan version changes the velocity of some trigger_push entities)
mg_adev,9ba680ce7e916cc84f3e0e54adab838f2e179bb1,automatic canonization 202310171302
mg_creative_multigames_v8_fix,866a42ce7b627380e4605458fb7e341b12ce44d0,seems the original
mg_escape_castle_v3_fix,aaf182b4850f93ad89af4f911bfb828e9014f630,automatic canonization 202310191254
mg_hellz_multigame_fix,c1cc38d296b02bcc16cde4b8bce4ad2c41384ad3,edits the mg_tp_rot func_rotating entity to start on since otherwise it never rotates
mg_masogs_course_beta_2,ad50c1a6dd9e09bb5c0a1a027ac299e708848784,latest on gamebanana (202304010220)
mg_ski_mountain_resort_fix,65c2399b7223ff7a640507756e37b477485a6c5c,latest on gamebanana (the gfl version removes the bombsite entity)
nfn_grenades,554648f05b10d4422b3b6276e0fc8a86366faa91,automatic canonization 202312121452
prefab_landmine,562523494c9449f832356b05694b285864d91447,automatic canonization 202308290758
range37detail,31bc46ed9ce6d197f03bd1c0f9a91e19cf8566de,automatic canonization 202410062321
scoutzknivez3,6336c1d5b661063c5394f7d815d0e8ff2d3c1ad1,this is actually a remake/edit
surf_004_fix,c94e88c76ed08fdd80d25ac8e58505324b5f973d,original (not momentum-mod edit)
surf_1day,3985067f4af3eb9a1504e823b4ab3849cdfea29d,original (not momentum-mod edit)
surf_25_lighters,8bae34664dfe647cfc6eb72829edb3b9a70ef5b9,original (not momentum-mod edit)
surf_4dimensional,bf36f3ad4d2f7031b6bcf65c6d4567c455812af4,original (not momentum-mod edit)
surf_and_destroy,6eb7f9630c1323ac58bb0afe1cbf75b69aaea03c,gamebanana version
surf_artois,0b8a7b445609c6b002c0bf90c1f160c7b03492a3,automatic canonization 202311102311
surf_board_this,2242bf79c3f84d36755f06239183adbedb11848c,from OuiSURF/Surf_Maps / ksf. map version 886 vs 873
surf_botanica,75ce5a02d330454ca23dfc2832b3930db1ad97b3,latest on gamebanana (as of 202304080604 -- v3)
surf_canisius,3b9b9533f7fe1d8649cee9e361b4796be2f2c478,don't know
surf_castle,584c1dffd6c8c26ba916a6f09373c174240fb868,maybe temporary until I check the new surf_castle
surf_chungus_fungus,aaa507c602aa92c1d6d4297e0c539ff5b1dddf64,latest on gamebanana (as of 202303062235)
surf_citypop,590ebfb714f89b445bff14739e37f066cd22ed54,automatic canonization 202502021250
surf_cookiejar,92e83cc7e5848de531823e23955c12f9f885b0b5,gamebanana
surf_curious,d8b3d6a88982ef72023fef568e301e94a3da29fe,
surf_derpis_ksf,9732ac6e2fd3659e45c135083df713b7158a36af,
surf_dionysus,7cfecd59145ea0097b8cd04fcf0df2d2dc49d4ee,
surf_distraction_v2,d09755bfd81554214711b34b6d692cc1f7694bf3,gamebanana
surf_drugs_css,e88ccbf9417dd2cc800e6a5b664551fb8e190104,gamebanana
surf_elements_beta3,62ae3bcfa79744041ef79021085613c91bdc6c5c,gamebanana
surf_endeavor,c58c4546724673b49a8923a6beff8dc917d3afa5,latest on gamebanana (as of 202301151308)
surf_eunoia,0269243e35fe99f01fadd7f957da35930d4168ef,original (not momentum-mod edit)
surf_exclave_fix,46e82253eebc3e4e363464c6da47cdcfc6bf6cf2,original (not momentum-mod edit)
surf_exile,10a23190fdad8542cf83b60e5eb434ba28c45411,original (not momentum-mod edit)
surf_extremex,95db47329d0f0ca326fce420925138383e3f1bf5,
surf_fire_eye,122aa18fba1170eeffd8d51ba1aa8cece9de4788,gamebanana
surf_flappybird,fa55def798930fb73353c63c52f7b470b6b60596,gamebanana version
surf_for_all,387ee41385090f6e7aa5d90e7f1c609f8ed89a56,gamebanana
surf_gigapede,9ccd82c2b86bb35aeec78681c884d38104f00dfc,automatic canonization 202308290614
surf_halfpipe_v2,678a256432d6b709af4142ae0303939638a683e0,gamebanana version
surf_hero,5e2ac1d39d1de2adb79e1dabc16a1fbb6ac19748,gamebanana
surf_how2surf,7982961dad7448e329085ac383a918a136c420bc,original gamebanana
surf_injection_njv,6d5a17f8bb713091ccf52855d93879cb79e1bd13,version i had from ksf
surf_interceptor,4346bc2c0716cefbffdaa57e57f32977bd1289ad,
surf_interference,e9b26393d881e20c20f4c4c3b2cb766f4315377a,gamebanana
surf_kaaba,94f1e49dbfd066c0e509ca04fa4878dd81f3bfa6,automatic canonization 202308290429
surf_lessons,cef5a3631365ac04f082c5199940bdf6d844f3df,gamebanana
surf_listless_ksf,da662b99daa0e76ed5de9a8b8d1e3faaf4b8c85c,latest on gamebanana (2022-12-07 1.2 b5 fix)
surf_looksmodern,464ce7dcfa2e2636f784d055dcfc7a71553463fb,
surf_lovetunnel,bd5a80faaaf9ed3001438f6d0f6f0ce75f1b7a7a,gamebanana
surf_map,28501bc710ecda180edd83a70ca9bc747c115c21,gamebanana
surf_molstration,a550c0b955a6e6a64af247ad1daa7057c97f8f9b,
surf_monkeys2,ce1616e4f2ec95c4178c54b5e91c4d72511cb7f1,latest from ksf or something...
surf_monolith,dc787e4bf7e27785d1eaac004fa0fd1691e053d5,gamebanana
surf_n_bhop_beta1,1ee1d5cafce3eab1a9c369ed4867a080db02a2b5,
surf_not_so_prosurf,f295680a28f3a82fdd7115217b00459c5cc1319f,latest on gamebanana (as of 202303230618)
surf_ny_advance,e7af489ceae0b8ee6776d3b711ae5d0d0cc4fc6b,version from gamebanana
surf_outra,7e504086e75520d586afe009ef218709431db229,latest on gamebanana (202302230950)
surf_pathfinder,bbef85e9e7f7ccba7a125dbc9c0518ae20b72a17,
surf_pinkbash,1db21f9df1469afb87fe074d86cbce31d1c8f74e,gamebanana version
surf_portal_game4,954b591bcc00c968be8f45a76bb684c2d5023c73,gamebanana
surf_premium,f1127031a88aaa0e811e0a887a67a79e750ad36d,gamebanana
surf_prismatic_ksf,8bd56711c9aba8c9f9701c122fce8686bb9880a7,latest on gamebanana (2.0)
surf_quasar_final,3db6b1c91966d59e77151fa3479676c00f4413d7,gamebanana
surf_rooftopsv2_ksf,bb12f956d15b521dd796eb01b9ca8e5ab1f0b5ad,latest on gamebanana 202308181230
surf_rookie,25f056b0825b02a26e0e5af5ca6684a5652fb51a,original (not momentum-mod edit)
surf_rubiks_cube,9f50423319f1f8f7dd4559b9cb58fb84b6b58f57,ksf version so i guess that is what is used
surf_secluded,4981cea7ed1b78f08b50d5525f5bced9e13e9b4a,
surf_sensation,e3cd6183068cf769cb9502dd4c7a37d65d85f256,gamebanana version
surf_shibboleth,131d92aa41ec20178f7a94205efeac3d0fbf314a,latest on gamebanana as of 202302221633
surf_slieke,d8e46da47828d523bf58ef4facda6ed291a3dfb8,automatic canonization 202403140132
surf_smart,d01e56cfb7886f1911e7dbbb83f85cd1931a68dc,from oui ksf maps list & ksf -- compressed/packed version of surf_smart
surf_sodacity,d1b43d0d92d5d8d580f41897d9281c055c87e1c5,gamebanana
surf_sunday,d41e761d402b80caa463311ac6e22509b4853e34,gamebanana
surf_tenacious,dc76c887761d58687c6356b3f2b8ba4f25bf9fba,gamebanana
surf_the_gloaming,013ac68bfb53e241dce3d64d60af71e80d5e4d1f,
surf_tranquil,692b383262e3c09204942b554559925bf9238e4e,
surf_tropic_ksf,b2dd4d03739e715459a2d675aac66f76386dfd67,automatic canonization 202412041645
surf_tuscany,03dd963d27ef0126e8ab74bb69b15a190683fb05,gamebanana
surf_unraveled,ad840379df0f626065327890edf7ed001b366c0c,
surf_wazor,5d390325b4a143bbbbb5d0641624ce5afcd85374,gamebanana version
surf_zenith,babb69ef7688cb99bee7adae701b39a7fa5d4551,bspzipped version
teamelim_dmm_house,00407046cef6a19c4802199b9b16a4812569e386,automatic canonization 202407272330
test_hardware,42b5b03fb1982756f47b29caac42b324cc197544,latest included version
test_speakers,66f344061108c9ca59b6180f492e3a578748182f,latest included version
trikz_2_hard,747f419c39e9464db79bceaf361c9643df805fb1,latest on gamebanana
trikz_affinity,84303771f4c2822ee001a260895bc347488da8fe,doesnt crash on start
trikz_ages,bec953d9569517376d18beda9b1c8a1229029952,automatic canonization 202403162053
trikz_arcadia_final,ee93276bfa2df917822e38e055ad8918548659d6,latest on gamebanana as of 202302110240
trikz_arctic,13e369e63ecb8c4250928f885e40bdae3d205c39,latest on gamebanana as of 202305140000
trikz_asux,6a572367d8a185d8a3f160ce75f6b1febc1599c5,latest on gamebanana (although its included in a trikz pack that was uploader after but thats a different and probably older version so whatever)
trikz_bigmoumou,7ab623bdd075474691e8f9979a5b1191fdf6c8c9,automatic canonization 202311292212
trikz_concret,eca0d7ce29ca1c23af3cf3dca1bc7fc90f89f242,latest version on gamebanana
trikz_convo,314db52afc911dede2cc4732a8d689d7b6cf1759,automatic canonization 202405062131
trikz_extreme_final,820a72f7102edebe6fc6f0b0dc7b1fd941210353,latest version on gamebanana
trikz_khaos,6efbc85a53657fe28b802d0a4fc901ec3bb6c0e0,latest on gamebanana as of 202307182207
trikz_kyoto_fix,18496d9535a04ff7f63dcc532460fe3ce944985d,a new mapversion (140 vs 59) but also trikz_kyoto_final exists
trikz_laele,8bc89b158b3f0ddaec8f6363875619ac2e6b9dee,latest on gamebanana
trikz_melatonin,9664f881716e987e622b64c233391cecf2ca73b8,automatic canonization 202401070026
trikz_myth2,9ff071163640f744bfff8ef8f106bfc8920ba1a5,latest on gamebanana (add triggers 202304030040)
trikz_nukor,a498bd49c29527708a1e78e3fe4ff271e4265255,latest on gamebanana (as of 202301171258)
trikz_nukor2,92ad53d1e0aa9d6323a206e9504cd9ac345990aa,latest on gamebanana (as of 202312110728)
trikz_ocean2,697e1a713f908f0c8beab899380e47b8cd2e3cab,automatic canonization 202404260921
trikz_q,b352ee50643aaa29ccf598397bc82cd72f6cd120,latest on gamebanana (as of 202303170250)
trikz_rager,b4d955cc5787c3c74e383ec7700439f954473e34,latest on gamebanana (as of 202306051702)
trikz_rapture,a909c31667f008ba406ab044ceacde79828e8170,automatic canonization 202402291625
trikz_scorched,a63bdafa42599be7d7bc1b32e95d8d9adf7fe6f9,automatic canonization 202402211338
trikz_snd,378e6094dfecf55875f38d6123cdeee2e1c4ae73,automatic canonization 202409151158
trikz_surftime,eb61fc5958eefea38d3697718f24c26cc3e2d604,automatic canonization 202401221746
trikz_telkapni,9c10ab37baa4f4cc1d07509b0f23ffdd862540fa,latest on gamebanana as of 202307250348
trikz_uproar,83f9ce0a4e586ab992ae75aa4f1eb99500906dde,automatic canonization 202405241850
trikz_zen,0e497a33831b8abc9873f60bf6f3a8411272522c,latest on gamebanana
warehouse,3a032fbf0b8f24034dc64c91fb9c54ef918a4f00,
xc_bhop_source,b54cf5cb5a01c22ebe3c7fa7804b5f8c7a45f2b0,latest on gamebanana
xc_cliff_of_kamoon_fix,6b6aa05660172bba50249e8d54a43c4e4f623a54,an edit or something that fixes some lighting. also removes the funny helicopters :pensive:
xc_de_dust2,92272490bbe484e37a29a3101152130d75e47880,original (has the minigame buttons)
xc_medium_v2,c01b1cbbb4afbf7099d7ca0cdc510aade605fa4d,latest on gamebanana
xc_obsidian,28be5b81d86832d213ca651fb30350c00ee63334,latest on gamebanana (xc-makes-me-xd version probably edits the entity lumps)
xc_peak,ebb9d2394e2ddf6b22f66ca05e06e8cff8acf410,latest on gamebanana (the xc-makes-me-xd version edits the entity lumps)
xc_piscine_final,a2ab2543d38de6ba3ba9a8058a4d11aae7c5f61a,packed version
xc_temple,733daefa427febbe466d543348b3e66a5762aad9,latest on gamebanana (id 123811 is original. id 123812 is latest)
ze_alien_shooter2_revisited_v2_4,b8407d1a49b83d8c27a0cf921b3bf58c40870986,latest on gamebanana (as of 202303050250)
ze_crazy_escape_css2,5f25c0efdf094e6b0007ab00762dc910b06740bd,higher mapversion (1776 vs 1769)
ze_eerie_escape_v3,7028a616c96c2e976efa8028dafdb525bb6f3748,latest on gamebanana as of 202307080118
ze_exit_of_the_chaos_v1,7f2c3d8ca499e7675453f7aef45efaf5652b3cce,newer than 6e977200190bae73ecad3884b20574b2f4ff055d
ze_lego_v1,49dfa1ad288371dca62944a8a7572598c58be847,higher mapversion than b17eeb9324b3a74c76093ca6ade51c56d6d65c97
ze_safe_house_v3,fd098f1ffb2f9a20807ac035db2cb468cfeb8b1e,
ze_santa_prison_escape_final_fix,2797b32e1472114d27d1c0028057e072463692b8,automatic canonization 202501020935
ze_sipher_css,10ff26b7a0364f77e5abcf4cc0892ce3945573e7,automatic canonization 202408170914
ze_sorrento_escape_v5,75f01f5ba9e443fadfa78a300cf831ba7bed7c5f,adds another trigger_hurt in the water so fuck it why not
ze_sorrtento_resonate_v1,842b52d767addfe448c186b0dc7217e1a9b8dc4d,gamebanana version
ze_surf_inboxed_s512_v3,478a300d2e4b81b5d8b4fc1d362665050b211bcf,automatic canonization 202404090450
zm_bunker_v1,2dd69ac5469734d21b70ebbf2f9ad8a70b5109e8,gamebanana version
zm_floors_v3,e0d8cf7bea5f6a81a0db6e98e838af25bd2f0542,
zm_hes_v1d,2b25cddb77b64e6edc0e845ca2d6b549cf3cc225,automatic canonization 202403301644
zm_hes_v1n,72e08e5c539a4a6c296e32847634db125441c176,automatic canonization 202403301644
zm_lockdown,c114fef61c71e24facd8be5992532a828a17537b,gamebanana version
zm_snowbase2_css,992006f7ab19ba3a84dbd92773638e73d7521979,automatic canonization 202401272058
